races,wpm_average,wpm_high,longestSession,membership,cars_owned,views,first,second,third,created,price
24102,114,147,428,1,119,7060,8404,3782,2859,1538755435,265.0
21881,91,111,535,1,165,1831,7297,5633,4118,1463780199,201.6
10610,99,133,303,1,177,2363,5735,1605,960,1524312998,215.0
11067,86,121,310,0,117,997,3914,2309,1748,1507521758,188.75
38630,108,147,400,1,166,2805,12532,6837,4953,1557536113,288.3333333333333
37068,172,209,200,1,200,11629,19203,5257,3437,1480107048,418.3333333333333
25993,77,117,2000,1,125,26077,11205,4257,3206,1321026208,400.0
20912,182,220,800,1,146,7205,9602,3020,2194,1383844817,409.0
108898,108,136,1037,1,187,19896,74743,19823,5524,1567524257,462.5
11774,68,100,141,0,111,530,4523,2495,1766,1576158780,100.0
6815,82,101,400,1,134,6787,2220,1462,1112,1409780780,225.0
2759,64,81,200,0,51,427,804,721,602,1618947874,27.5
13615,111,137,100,0,80,676,6417,2428,1413,1601351156,77.5
28039,114,150,820,1,136,3665,10299,3884,2970,1454944071,170.0
13162,97,126,230,1,135,1375,5052,3292,2251,1448913483,142.5
46431,121,166,2400,1,193,16323,22908,7075,4522,1481654239,250.0
6261,101,118,333,0,63,937,3662,929,457,1590772953,77.0
26168,88,149,7056,0,144,6771,14984,4502,2091,1569322930,360.0
30055,130,202,1800,1,133,5910,17832,4394,2429,1513008852,395.0
2341,35,46,300,0,67,320,752,586,414,1549914268,30.0
6649,105,141,301,0,142,1516,3793,1142,531,1581035688,75.0
20912,182,220,800,1,146,7205,9602,3020,2194,1383844817,295.0
7259,105,143,202,1,113,914,3020,1420,876,1568230539,70.0
621,57,70,100,0,36,40,215,155,135,1617890391,3.0
1096,98,123,200,0,71,104,531,231,118,1490119945,1.0
6023,42,78,302,1,109,1247,2007,1426,1131,1602183787,75.0
5220,93,107,100,0,109,2851,1627,1508,1073,1547657138,70.0
10716,109,143,408,0,88,401,4795,2004,1186,1579809901,85.0
24677,126,161,1000,1,173,3010,12350,4498,2450,1589465957,325.0
5867,73,99,300,1,102,766,1579,1537,1194,1603899790,33.0
8452,92,116,201,1,133,968,2364,2138,1774,1598398563,42.0
11062,57,78.66,85,0,42,1678,5531.0,2765.5,3051.1193348770717,1419330832,42.0
742,102,133.62,1858,0,77,9421,371.0,92.75,123.8601190572384,1557007260,77.0
11796,65,90.35,1499,1,152,2505,5898.0,1966.0,2095.5299791395155,1377604102,201.6
290,121,164.56,1426,1,67,7171,72.5,36.25,37.370910016937906,1520523148,225.0
25449,91,119.21,1834,1,160,1134,6362.25,2120.75,3611.00867595342,1326894785,201.6
32775,69,90.39,918,1,101,3890,16387.5,5462.5,10244.75932314053,1392042261,170.0
2438,82,99.22,1110,0,132,423,812.6666666666666,270.88888888888886,536.233823130123,1541570664,77.0
41637,88,107.36,1533,1,60,4001,20818.5,6939.5,7256.64017976843,1439721058,288.3333333333333
13466,138,166.98,366,1,189,5663,4488.666666666667,1122.1666666666667,1163.2362669837842,1512863315,215.0
47664,119,154.7,1169,1,28,7310,9532.8,2383.2,4083.0759503143754,1359511017,250.0
1094,121,163.35,1419,1,139,9179,547.0,273.5,432.7249707312757,1373155475,225.0
39391,98,127.4,1269,1,39,883,9847.75,3282.5833333333335,5986.623587516692,1452422945,170.0
31533,92,111.32,894,1,78,9156,15766.5,3941.625,7552.886936429897,1558808337,360.0
32972,65,80.6,311,1,184,302,10990.666666666666,3663.555555555555,6399.338920418872,1450986189,170.0
45493,102,135.66,1249,0,34,872,9098.6,3032.866666666667,5973.839122123721,1390221491,170.0
49469,102,141.78,107,1,200,5714,24734.5,6183.625,7680.204421717353,1616083177,265.0
13822,77,96.25,115,1,195,7266,2764.4,691.1,803.9712927069246,1561357599,70.0
3595,94,123.14,1046,0,58,6541,719.0,359.5,606.6861096843832,1560034986,77.0
37378,66,92.4,1766,0,109,416,7475.6,3737.8,3891.3522081400733,1390238315,85.0
5497,130,170.3,1240,1,41,2409,1374.25,458.0833333333333,650.8912801566382,1487821082,225.0
11012,82,106.6,1094,1,38,7240,2202.4,1101.2,1585.251026977567,1309483153,201.6
19126,96,128.64,841,0,100,6250,4781.5,1195.375,2187.962441493467,1540596604,77.0
23959,99,123.75,1771,1,83,4872,4791.8,1597.2666666666667,2390.709065090232,1487670971,225.0
10929,61,78.08,1694,0,39,8586,5464.5,2732.25,5424.486982218405,1311792348,188.75
4681,111,153.18,767,1,60,3450,936.2,234.05,444.10799758042,1433276497,85.0
48318,136,171.36,505,1,154,4035,12079.5,4026.5,5287.735314457692,1385224223,288.3333333333333
33360,119,166.6,1682,1,74,3797,16680.0,4170.0,7779.496584454474,1615292094,325.0
5938,127,167.64,537,0,167,6269,1979.3333333333333,659.7777777777777,941.1807646877254,1564692008,85.0
3691,117,143.91,327,1,169,5087,1230.3333333333333,615.1666666666666,1106.6859463762105,1504101380,225.0
2151,97,119.31,123,0,84,3358,1075.5,358.5,414.14215522231507,1409062584,27.5
43201,53,67.84,612,1,178,7881,8640.2,2880.066666666667,3795.1567168836928,1577940373,265.0
43604,102,136.68,977,1,160,2135,8720.8,2906.933333333333,5416.535726931803,1380845229,325.0
28794,68,89.08,1009,1,42,4001,14397.0,3599.25,6023.877422591634,1340380302,170.0
47256,123,170.97,933,1,174,9473,11814.0,2953.5,4205.326321406852,1412791835,250.0
571,97,129.98,1170,1,154,1656,285.5,95.16666666666667,188.48347720655494,1571743336,201.6
15480,54,73.44,1930,1,81,4493,7740.0,3870.0,3949.3928862439066,1594525910,201.6
40228,108,146.88,1899,1,35,6503,13409.333333333334,6704.666666666667,9454.17256467125,1558810506,250.0
21021,135,182.25,387,0,145,6834,7007.0,1751.75,2931.0251447541427,1331444055,188.75
36273,125,151.25,1290,1,169,7960,18136.5,4534.125,4788.909021874897,1321188967,250.0
17060,74,102.86,1088,1,119,2267,8530.0,2132.5,2670.4368681812166,1327682608,170.0
33136,58,79.46,1803,1,72,8676,16568.0,4142.0,4242.303131057691,1607442898,400.0
34210,125,158.75,1156,1,56,5918,8552.5,4276.25,5857.956231009966,1597140793,265.0
17244,133,172.9,1494,0,169,7379,5748.0,1437.0,2135.6192425987283,1530289262,85.0
4254,81,106.92,993,1,128,8824,2127.0,1063.5,1949.4082362028983,1329928373,225.0
40539,140,182.0,1559,0,39,1461,20269.5,5067.375,9854.546873510766,1313668806,170.0
44590,101,135.34,413,1,62,1948,8918.0,2972.6666666666665,5793.241576168918,1402868506,170.0
1923,65,87.75,930,1,116,2416,480.75,240.375,256.8210436778757,1410393473,225.0
25884,101,132.31,466,1,193,2183,8628.0,4314.0,6880.745660898119,1415071540,288.3333333333333
33084,80,100.8,534,1,30,4231,6616.8,1654.2,2096.0863619636402,1440130866,215.0
46380,52,71.76,1376,1,73,9971,23190.0,11595.0,14947.069486909322,1458490043,250.0
12540,57,79.23,1180,1,168,1885,6270.0,2090.0,3300.5118766636815,1493045166,201.6
36803,103,133.9,1561,1,150,4988,9200.75,3066.9166666666665,4520.005074977908,1519087303,265.0
16768,94,123.14,50,1,74,7409,8384.0,4192.0,5796.823242819646,1541859339,265.0
36425,63,78.12,530,1,69,8712,12141.666666666666,3035.4166666666665,4735.480170752599,1328462315,265.0
11928,106,129.32,361,1,110,5759,3976.0,994.0,1187.7184653155798,1395545458,225.0
12057,84,103.32,1496,1,60,4565,4019.0,1004.75,1610.6075453894352,1345527633,201.6
34123,131,170.3,96,1,81,1741,8530.75,2843.5833333333335,3686.7675995876816,1318618739,288.3333333333333
18009,135,182.25,612,1,48,9285,4502.25,1125.5625,1254.3904513681862,1594898979,85.0
32191,82,111.52,1925,0,27,2471,10730.333333333334,3576.777777777778,4198.403969360397,1551923895,170.0
1438,132,162.36,469,1,117,3987,359.5,119.83333333333333,145.00062108642052,1411564340,77.0
38333,106,140.98,1321,1,161,9062,7666.6,3833.3,4224.812980407325,1452066648,85.0
35352,58,71.34,212,1,123,9081,8838.0,2946.0,3932.9228036957115,1428791782,250.0
29861,119,143.99,1758,1,131,8940,9953.666666666666,3317.8888888888887,3754.7060804493017,1595766374,250.0
14646,132,182.16,1214,1,163,2765,3661.5,1830.75,3315.798911285675,1527832592,85.0
18308,119,142.8,531,1,96,6420,6102.666666666667,2034.2222222222224,3920.5919440386683,1443942228,201.6
42661,81,107.73,778,1,112,1867,14220.333333333334,4740.111111111111,6485.496982509993,1409904501,288.3333333333333
27451,139,176.53,1605,1,169,8622,13725.5,4575.166666666667,8355.85743638899,1581689379,395.0
8451,85,119.0,909,1,36,9985,2112.75,528.1875,850.5529743226106,1532501477,77.0
39279,63,78.75,388,1,183,5481,9819.75,4909.875,6522.222692540965,1350000999,400.0
8629,138,173.88,335,1,171,5804,1725.8,862.9,1685.9845084857386,1310919715,188.75
8730,61,79.91,956,1,185,471,4365.0,1091.25,1942.286012396624,1573998155,215.0
48310,56,73.92,427,1,189,1216,12077.5,3019.375,3813.875019555689,1516143878,288.3333333333333
12373,83,103.75,59,1,57,9202,3093.25,1546.625,1729.1322478086788,1464262672,142.5
12704,117,163.8,1657,1,102,1495,4234.666666666667,1058.6666666666667,1646.8285939777015,1507048043,85.0
27907,97,123.19,310,0,31,7843,6976.75,3488.375,6539.4700542356695,1551688029,77.0
44184,94,118.44,1295,0,67,1923,14728.0,7364.0,13021.813299053061,1534997408,170.0
27448,117,161.46,483,1,29,4952,5489.6,1829.8666666666668,3332.567803830575,1588900791,85.0
2000,113,157.07,1867,1,32,4221,666.6666666666666,333.3333333333333,631.5094495762293,1476458198,225.0
43216,76,93.48,402,1,73,3444,21608.0,10804.0,18925.15645680208,1380618170,170.0
15446,128,168.96,1486,1,157,5143,3861.5,1287.1666666666667,2212.8483668415643,1528951403,85.0
40027,52,63.44,1068,1,189,8709,20013.5,5003.375,5520.423963700375,1497308155,265.0
38132,56,71.68,233,1,146,9374,12710.666666666666,4236.888888888889,4494.185080038472,1589322263,250.0
22414,108,140.4,1855,1,57,1947,5603.5,1867.8333333333333,3306.4521183599713,1369363040,201.6
30032,113,137.86,234,1,139,8751,10010.666666666666,2502.6666666666665,2503.4890843323055,1413641937,250.0
14648,55,77.0,1804,1,193,811,3662.0,1831.0,3290.4586315088395,1444009710,188.75
40455,59,73.16,254,0,48,1140,10113.75,3371.25,5502.713371583513,1576136813,170.0
749,53,67.84,86,1,158,9582,149.8,74.9,146.582877841381,1494313731,70.0
731,96,115.2,1381,0,99,7240,365.5,182.75,202.0517764719917,1600660350,77.0
13653,117,146.25,1575,0,42,604,4551.0,1517.0,2636.07191819412,1539525619,85.0
28921,114,148.2,672,1,30,7108,5784.2,1928.0666666666666,2266.0958917529156,1581332718,85.0
10515,126,161.28,1408,0,109,9705,2628.75,1314.375,1426.553454905291,1336321998,188.75
3576,83,106.24,1146,0,55,2378,715.2,357.6,434.1764108502919,1534681095,77.0
4655,130,175.5,1962,1,157,4937,2327.5,775.8333333333334,1502.861465213168,1604920181,85.0
1382,119,157.08,1316,1,48,3805,276.4,92.13333333333333,170.19945555962417,1585312997,85.0
9548,112,143.36,1813,1,196,8526,1909.6,954.8,1112.5546693703477,1462322727,225.0
42314,50,70.0,1631,1,161,8614,21157.0,7052.333333333333,11404.72810468935,1493716706,265.0
18497,118,141.6,1358,1,163,7845,9248.5,2312.125,3135.584703010266,1350825356,265.0
45499,128,175.36,1662,1,88,2292,9099.8,3033.2666666666664,4616.36869273745,1394484714,170.0
19509,60,78.6,1857,1,128,3689,3901.8,1950.9,3414.4672807937673,1392473418,201.6
25960,71,95.85,845,1,136,5196,5192.0,2596.0,4191.8501201843965,1441718179,225.0
29191,99,138.6,1206,1,102,5292,14595.5,4865.166666666667,7841.113270517231,1533131689,250.0
30922,82,113.98,230,0,110,3145,6184.4,1546.1,2610.93305954497,1341028414,142.5
45204,66,89.1,1570,0,151,1213,22602.0,7534.0,12450.3030010878,1586752697,170.0
41699,91,119.21,868,1,45,4000,20849.5,10424.75,10706.951434343664,1449277107,170.0
5835,125,158.75,1747,0,171,2496,1945.0,648.3333333333334,1282.3679715677688,1546021403,85.0
18399,68,85.68,861,1,131,9807,4599.75,1149.9375,1683.8613147380772,1368818422,225.0
14142,125,161.25,1420,1,36,9228,4714.0,1178.5,1579.2316335887717,1371237671,225.0
15675,59,80.24,777,1,117,1829,3135.0,783.75,1117.946998501293,1585157708,201.6
28038,78,102.96,1671,0,48,1743,9346.0,4673.0,6503.635481097932,1311107749,170.0
5551,78,103.74,1171,0,102,861,2775.5,1387.75,2283.852095558516,1593349891,77.0
23984,127,176.53,1777,1,40,334,5996.0,1998.6666666666667,3165.236558505604,1469035418,201.6
43145,85,113.9,694,1,50,7132,8629.0,4314.5,8157.831315182807,1568012709,360.0
18515,74,99.16,1196,0,132,7339,4628.75,1157.1875,2088.9937586497317,1313028163,188.75
28273,56,76.16,1121,1,187,6228,14136.5,4712.166666666667,7120.711124212015,1583162174,265.0
26702,94,116.56,572,1,146,896,5340.4,1780.1333333333332,2528.310860854153,1584910554,77.0
12844,138,178.02,347,1,39,9450,2568.8,642.2,880.2087931846228,1408794442,225.0
48601,93,128.34,281,0,168,538,24300.5,6075.125,7483.7265738039705,1504811148,170.0
5278,62,81.84,592,1,46,2016,1759.3333333333333,586.4444444444445,1073.8016287767339,1386633378,225.0
13210,53,67.31,945,1,183,4864,6605.0,2201.6666666666665,4298.998310383105,1435550254,201.6
44882,112,146.72,1037,1,122,5206,11220.5,3740.1666666666665,6205.528457876908,1538916194,250.0
40305,120,156.0,389,0,164,8641,8061.0,2015.25,3865.918199932415,1517412654,85.0
19018,120,162.0,1933,0,40,2081,6339.333333333333,2113.111111111111,3850.7122784884054,1323774114,188.75
36025,50,64.5,1009,1,192,2463,18012.5,4503.125,5337.100675598164,1416991455,288.3333333333333
39704,72,90.72,834,1,36,715,9926.0,4963.0,7096.601286531275,1434834140,170.0
7225,107,129.47,466,1,197,8335,2408.3333333333335,802.7777777777778,1339.2978207738868,1394629875,225.0
5278,107,130.54,1496,1,54,1369,1319.5,439.8333333333333,620.522313256054,1468288335,201.6
34332,70,85.4,1291,1,94,7152,17166.0,5722.0,7523.571817565828,1564363162,400.0
3099,107,131.61,751,1,98,8474,1549.5,774.75,921.8168410589367,1548535581,77.0
27955,122,153.72,67,1,159,5472,9318.333333333334,3106.1111111111113,5084.997437064615,1500713920,265.0
21347,105,138.6,1169,1,63,4820,4269.4,1067.35,1839.4148792585117,1401397808,201.6
19666,127,168.91,212,0,38,3756,3933.2,983.3,1217.3778794357288,1609978345,77.5
19116,110,132.0,1099,1,79,5934,3823.2,1274.3999999999999,1327.4942189521225,1384126733,225.0
22368,85,107.1,90,1,181,6490,7456.0,2485.3333333333335,2806.8639598769964,1497287021,142.5
27505,66,81.84,74,1,100,6423,6876.25,2292.0833333333335,3588.744573373538,1613123159,100.0
27888,92,118.68,367,1,176,2965,13944.0,6972.0,9178.909856421935,1374182724,288.3333333333333
18236,108,131.76,1598,1,71,6908,9118.0,3039.3333333333335,3153.8848357028896,1605257554,265.0
49811,99,124.74,1383,0,131,2558,16603.666666666668,4150.916666666667,5155.491101218386,1391615243,170.0
5334,52,71.24,1151,1,88,9182,1778.0,889.0,1463.4283516890798,1596449955,201.6
28885,73,90.52,1012,1,133,3858,5777.0,1444.25,2634.1279654300365,1597664257,77.0
48551,80,103.2,116,0,60,751,24275.5,8091.833333333333,8842.141111214916,1330734380,170.0
33651,64,87.68,1781,1,162,291,16825.5,8412.75,13591.712572506605,1396316792,170.0
4053,139,180.7,1472,1,75,6897,810.6,270.2,452.29014956264825,1552116717,85.0
12115,114,141.36,438,0,31,2725,6057.5,3028.75,3556.7147819772517,1617935849,75.0
32643,97,130.95,79,1,129,1190,8160.75,2720.25,4300.858635086085,1587567866,77.0
2264,76,94.24,564,1,48,6663,566.0,141.5,228.28163281681455,1484233551,85.0
43734,98,134.26,1641,1,157,5466,21867.0,7289.0,14471.448583208105,1372278011,250.0
9256,138,187.68,1186,1,198,767,2314.0,578.5,923.9198459932884,1612571724,85.0
40685,85,114.75,206,1,67,8614,13561.666666666666,3390.4166666666665,4376.33930742976,1453617998,360.0
17582,50,63.0,692,0,95,7520,3516.4,1758.2,3157.782472284447,1438313656,188.75
19898,106,137.8,908,1,181,867,4974.5,1243.625,2319.943176107653,1432519542,201.6
36211,125,151.25,1541,1,31,2192,9052.75,3017.5833333333335,4295.98417848706,1429126008,170.0
11218,60,77.4,1869,1,114,6962,3739.3333333333335,1869.6666666666667,3222.091233131643,1480137602,201.6
6945,133,179.55,1379,0,101,8267,2315.0,771.6666666666666,1131.8440598190107,1359665693,188.75
13975,135,178.2,1331,1,139,1795,2795.0,931.6666666666666,1253.201749061045,1398785984,225.0
24250,72,95.76,1818,1,197,6048,4850.0,1212.5,1300.822824219873,1537255052,77.0
6852,72,96.48,1044,0,133,7487,1370.4,456.8,513.2207090761167,1465895180,188.75
15744,77,97.79,1077,0,170,8983,7872.0,2624.0,4433.717043194316,1480011775,85.0
15683,73,98.55,1393,0,99,2030,5227.666666666667,1742.5555555555557,2264.8310088181443,1383642904,142.5
4181,80,96.8,1952,1,57,8898,2090.5,522.625,752.1521418215004,1353626398,225.0
35050,110,132.0,99,0,189,3432,7010.0,1752.5,1830.314507171962,1488819261,142.5
40454,100,122.0,286,0,159,8546,8090.8,2696.9333333333334,3029.4236745131807,1324051393,85.0
35857,105,140.7,180,0,147,9684,7171.4,3585.7,3881.0282355066147,1330794583,142.5
26333,112,148.96,1436,0,45,1828,13166.5,4388.833333333333,7557.720784045629,1434749466,170.0
14512,80,103.2,147,1,26,2078,4837.333333333333,1209.3333333333333,1345.4145264435158,1398374927,142.5
4626,89,108.58,1908,1,77,797,1542.0,771.0,829.2390502770509,1317546743,201.6
5835,133,174.23,731,0,57,4881,1167.0,291.75,551.5297420586083,1516648716,188.75
1713,122,148.84,862,0,171,8920,856.5,214.125,330.3145539720161,1329858956,77.0
11142,102,126.48,276,1,112,2581,2228.4,742.8000000000001,1422.7128691771038,1512889378,215.0
31642,83,110.39,1566,1,65,4166,7910.5,3955.25,6114.722806077157,1571321954,77.0
10573,128,179.2,1802,1,37,3495,2643.25,660.8125,815.3497832531889,1593042509,85.0
40284,133,168.91,938,0,119,2618,13428.0,3357.0,5350.107156929523,1548340447,170.0
14115,53,73.14,707,1,139,4492,4705.0,2352.5,4077.4720347050074,1427163624,201.6
31512,121,164.56,1449,0,89,4891,6302.4,2100.7999999999997,2929.970668661357,1504816618,142.5
15584,111,135.42,1294,1,181,1614,3896.0,1298.6666666666667,2339.546052617305,1431424838,85.0
8567,132,165.0,1523,0,133,4206,1713.4,856.7,906.3807110265019,1367328210,188.75
23280,103,133.9,1343,1,38,5897,7760.0,2586.6666666666665,3859.5634244927405,1329356192,85.0
43580,132,178.2,1717,0,84,2279,14526.666666666666,4842.222222222222,5549.757992362517,1511865425,170.0
10822,68,91.12,309,0,50,6592,2164.4,721.4666666666667,995.2090951977627,1337429478,188.75
2338,117,156.78,804,1,175,4022,1169.0,389.6666666666667,749.8787144208351,1581599330,85.0
47293,112,141.12,199,1,149,3741,11823.25,5911.625,7083.516021468492,1479894358,170.0
41672,63,77.49,257,1,128,8965,10418.0,2604.5,2728.0166029914067,1348880659,250.0
34118,79,101.91,636,1,57,9059,6823.6,1705.9,2282.730758900111,1480097008,225.0
12765,123,170.97,857,1,173,5947,6382.5,3191.25,4613.8659547420175,1312000701,201.6
20712,98,131.32,856,1,28,7127,6904.0,3452.0,5385.759637693275,1551619221,77.0
35943,77,102.41,113,1,112,9182,11981.0,2995.25,4714.430735905652,1567534852,400.0
11468,72,94.32,1404,0,133,7959,3822.6666666666665,955.6666666666666,1807.7447646961498,1348368657,142.5
16791,56,70.56,978,1,155,8768,5597.0,1865.6666666666667,2191.490899796964,1331141396,225.0
40308,88,110.0,1866,1,152,8056,20154.0,10077.0,11446.794050774513,1466139054,360.0
44082,89,107.69,972,1,156,7469,14694.0,4898.0,6400.837796343511,1315134734,360.0
14013,53,64.66,739,1,157,2948,2802.6,700.65,861.7604799700476,1445105037,225.0
43755,117,157.95,1984,0,41,1111,10938.75,3646.25,6663.141443106229,1493067390,170.0
31668,58,80.62,548,1,160,8284,6333.6,1583.4,1821.9830590983483,1510614523,215.0
14413,110,145.2,1571,1,185,5081,3603.25,900.8125,1464.8565545279878,1574908276,85.0
23958,75,100.5,1283,1,82,2773,4791.6,2395.8,4317.195566572649,1436952975,215.0
48888,116,155.44,678,0,51,2587,16296.0,5432.0,9663.936449229705,1566144780,170.0
12625,97,119.31,1361,1,123,3263,2525.0,1262.5,1390.9848160845258,1604947429,77.0
6539,52,70.72,1879,1,125,7841,1634.75,408.6875,544.9467727827208,1573721917,201.6
42393,66,82.5,1147,1,26,3606,14131.0,3532.75,4614.163895067095,1338095790,170.0
36558,124,172.36,1720,1,87,9786,7311.6,1827.9,2995.0253751190753,1531053759,85.0
5432,108,140.4,1055,0,72,5341,1810.6666666666667,905.3333333333334,1199.876637984675,1516026862,188.75
14817,61,76.86,558,0,191,1289,3704.25,1852.125,1867.4395325073087,1320372014,188.75
3844,68,83.64,1354,0,63,9037,961.0,320.3333333333333,615.7790922776294,1340978777,188.75
45527,106,129.32,1125,1,108,904,11381.75,2845.4375,4849.4492932013045,1347272207,170.0
6186,61,81.13,768,0,81,9288,1546.5,515.5,834.4550873510093,1465229474,142.5
38984,64,80.0,1461,1,173,8809,19492.0,4873.0,8188.699290939216,1337400113,400.0
7769,71,99.4,1636,1,35,1735,2589.6666666666665,863.2222222222222,1517.6223316608591,1432008893,225.0
3695,94,125.96,1513,0,171,4465,1231.6666666666667,615.8333333333334,815.6615173307371,1466333420,188.75
26479,79,98.75,352,0,54,2760,13239.5,6619.75,11582.124497535113,1452285085,170.0
19881,75,102.75,1081,0,110,6134,4970.25,1242.5625,1340.7997157566706,1564940014,77.0
42581,92,120.52,1648,1,161,8332,14193.666666666666,3548.4166666666665,5621.393735199616,1411759807,360.0
40718,107,148.73,1869,1,173,9894,20359.0,10179.5,17200.48501602268,1519633064,250.0
46167,102,141.78,949,0,41,878,23083.5,11541.75,15950.168835592041,1571047152,170.0
18753,110,152.9,1781,0,72,3085,6251.0,3125.5,5644.52036825109,1493651474,142.5
34707,54,72.36,1088,0,129,2969,8676.75,2892.25,4509.327782315408,1384661340,170.0
27937,62,76.26,645,1,181,4917,9312.333333333334,3104.1111111111113,4368.941744855641,1583155844,265.0
30197,116,151.96,154,1,167,7063,7549.25,1887.3125,3681.472671842834,1337033935,142.5
12647,84,104.16,978,0,200,4554,2529.4,632.35,692.7932731019717,1557032378,77.0
10625,82,100.86,1298,1,56,4337,2125.0,531.25,655.0213497930116,1530831092,77.0
12788,124,162.44,1649,0,188,8175,2557.6,1278.8,1782.7908038379794,1569944072,85.0
24903,60,82.2,848,1,58,5556,6225.75,1556.4375,2446.83015903357,1525876452,225.0
21539,83,108.73,274,1,151,3415,5384.75,1346.1875,2258.778639297424,1574459038,77.0
21611,126,163.8,82,1,57,6391,4322.2,2161.1,3846.435748382658,1397909562,142.5
10138,108,147.96,531,1,192,1283,5069.0,1267.25,2252.3534300453707,1554481156,85.0
19929,134,184.92,604,1,133,1307,4982.25,2491.125,4854.356721065275,1353597652,201.6
12555,57,69.54,558,1,139,3126,2511.0,627.75,680.5876852244487,1326865992,225.0
43488,65,85.15,253,1,67,7922,8697.6,4348.8,4580.021624980604,1465877450,400.0
8404,137,175.36,1813,1,86,8605,1680.8,420.2,543.0669506577769,1468477350,225.0
33007,75,102.75,1705,1,109,256,11002.333333333334,3667.444444444445,4385.99854398611,1332069597,170.0
7267,108,141.48,1882,1,53,4319,3633.5,1816.75,1991.8028029460913,1404122065,188.75
17137,91,117.39,1970,1,133,9366,8568.5,4284.25,4630.740674999955,1467213896,360.0
6731,73,96.36,135,1,124,6102,1346.2,673.1,1093.243074632768,1390111559,42.0
11016,50,69.0,69,0,189,3292,3672.0,918.0,1438.9645829955484,1318580891,70.0
44823,86,114.38,1880,1,133,6963,22411.5,5602.875,8338.611239688584,1576692830,360.0
5213,62,85.56,685,1,40,4598,2606.5,868.8333333333334,987.0936515536292,1548151241,201.6
15394,139,173.75,263,0,128,7680,5131.333333333333,1282.8333333333333,2064.072216359142,1450562574,142.5
46742,125,171.25,903,1,124,2695,11685.5,5842.75,7338.730014536058,1520692390,170.0
15347,63,85.05,1729,1,200,3757,3069.4,767.35,1131.6736084795812,1370898292,225.0
5057,112,136.64,1013,1,27,9374,1264.25,632.125,799.1705362081932,1499171050,225.0
7245,135,163.35,862,1,145,2363,1811.25,603.75,954.2302375809063,1473764246,225.0
6830,127,157.48,1736,1,112,4404,1366.0,455.3333333333333,654.7056844254207,1428190735,225.0
26590,59,78.47,965,1,33,485,6647.5,1661.875,1818.7045502938695,1518809641,201.6
24429,50,62.0,786,0,57,1639,8143.0,2714.3333333333335,4645.162700298318,1407987861,85.0
45903,108,129.6,1235,1,126,8140,9180.6,3060.2000000000003,5413.730166507963,1537687446,265.0
20590,55,76.45,1535,1,73,9145,4118.0,2059.0,3898.372903421835,1526026491,225.0
35311,117,140.4,1949,1,150,5946,11770.333333333334,3923.444444444445,7517.503136490824,1445273516,250.0
11052,138,186.3,73,0,152,5633,2763.0,690.75,1197.7995311106827,1347969883,42.0
34620,114,137.94,1863,0,181,3554,6924.0,2308.0,2940.8011248890643,1344961182,142.5
10172,121,147.62,978,1,58,2901,2034.4,1017.2,1626.3677639808634,1312891248,201.6
3838,117,163.8,104,1,59,3060,959.5,479.75,925.7383963553889,1335706814,42.0
26436,53,73.67,316,1,99,4073,5287.2,1321.8,2125.1813645220295,1388391624,215.0
23586,58,79.46,1879,0,108,6243,4717.2,1572.3999999999999,3107.7165411470664,1419373723,142.5
14113,117,142.74,534,1,42,4634,4704.333333333333,1568.111111111111,2448.4443289561295,1561936832,75.0
16532,132,174.24,1327,1,158,1829,5510.666666666667,2755.3333333333335,4365.54012534619,1550293082,85.0
35598,84,115.92,1432,0,188,3061,7119.6,1779.9,2418.5247215201452,1530764769,77.0
9407,82,112.34,1919,1,85,1826,4703.5,1567.8333333333333,2205.377435860385,1472821287,201.6
5548,71,86.62,1123,0,95,9053,1387.0,693.5,1142.2218882334553,1497137802,142.5
5062,53,66.25,232,1,186,9511,1012.4,506.2,839.3244244827373,1374886833,42.0
5999,68,89.08,1473,1,73,3862,1199.8,599.9,754.3465267220081,1472840637,225.0
48664,84,109.2,1528,1,177,3133,16221.333333333334,8110.666666666667,10710.728410274822,1565134085,288.3333333333333
33443,104,127.92,1918,1,148,3930,6688.6,1672.15,2079.7698591639933,1580113006,77.0
49223,125,151.25,198,1,85,4601,9844.6,4922.3,7411.297878822646,1391851527,250.0
22,126,175.14,1673,1,105,4364,7.333333333333333,3.6666666666666665,4.907717359289764,1420164111,225.0
31423,68,87.72,1263,1,103,8456,10474.333333333334,3491.444444444445,3516.0947192542158,1440601480,400.0
5568,109,146.06,1304,1,114,5688,2784.0,696.0,1297.7667840965075,1575449424,85.0
19431,136,165.92,1290,0,80,5741,4857.75,2428.875,4462.057400559186,1554739351,85.0
6780,88,106.48,1353,1,129,8366,1356.0,339.0,460.86313560404864,1406118628,225.0
37680,92,126.04,586,1,171,4440,7536.0,2512.0,4382.373099448177,1509089079,85.0
30314,94,121.26,588,0,118,3463,15157.0,7578.5,12418.981193827149,1489111694,170.0
26552,94,127.84,1866,1,106,2781,13276.0,3319.0,6413.944192289568,1379530836,170.0
16736,85,114.75,698,0,196,1225,4184.0,1046.0,1390.417423524096,1452423718,188.75
12960,92,118.68,1671,0,91,9963,3240.0,1620.0,2328.965507757544,1586499584,77.0
32232,83,112.88,732,0,161,6029,6446.4,3223.2,5965.174096487407,1415680979,142.5
11306,110,133.1,1577,0,103,5101,5653.0,1884.3333333333333,2625.771788010766,1594317324,77.0
35445,76,102.6,999,1,163,5382,7089.0,3544.5,6226.801400514151,1456207770,225.0
23879,108,147.96,1946,1,76,4638,11939.5,5969.75,8348.533519040922,1358312929,250.0
19729,120,166.8,352,1,188,5576,4932.25,2466.125,4506.1703268706515,1578612578,85.0
29091,88,106.48,167,1,62,7123,7272.75,3636.375,4457.636270165786,1478126572,142.5
44849,135,166.05,1824,1,182,6167,11212.25,5606.125,7182.901914166636,1350088193,250.0
8823,124,169.88,207,1,34,5494,4411.5,2205.75,2991.6123065077636,1438554856,27.5
14686,124,172.36,234,1,91,2089,2937.2,979.0666666666666,1183.1981219769393,1327622349,142.5
19112,55,69.85,1660,1,61,5918,6370.666666666667,2123.5555555555557,3470.426975830792,1374702179,201.6
41580,135,163.35,1925,1,106,7743,8316.0,2772.0,4959.9449461420545,1340982245,265.0
44493,128,154.88,1929,1,112,8285,8898.6,2966.2000000000003,4659.226759398022,1414489295,265.0
47055,120,146.4,462,1,92,5342,9411.0,3137.0,5458.221541502584,1489318149,265.0
39426,131,161.13,1375,1,85,7982,19713.0,4928.25,6649.166471628064,1564766619,288.3333333333333
10166,128,154.88,657,0,191,3816,5083.0,1270.75,1424.5164584101856,1431607049,142.5
45507,101,121.2,587,1,176,8985,22753.5,7584.5,10231.440800350196,1482443027,250.0
28723,113,144.64,1607,1,77,7600,7180.75,2393.5833333333335,4060.911611013927,1381268721,215.0
15288,124,168.64,119,0,102,6842,5096.0,1274.0,2366.054460219627,1389782872,142.5
24900,108,144.72,1034,1,132,1341,6225.0,3112.5,5654.72471243641,1363045867,201.6
35169,85,110.5,1993,1,180,2088,11723.0,5861.5,6821.344256742864,1361856526,288.3333333333333
37023,96,124.8,433,1,153,9512,7404.6,1851.15,2674.3742846325217,1592497683,77.0
8243,132,162.36,281,1,148,8848,2060.75,515.1875,957.3104560681096,1457438743,225.0
43528,97,124.16,1329,0,45,832,8705.6,2901.866666666667,4824.3788696733,1510751832,170.0
11376,118,152.22,1596,1,78,8860,2275.2,568.8,750.7535539934171,1342489654,225.0
42997,135,187.65,1640,1,148,4800,14332.333333333334,4777.444444444444,6763.543350026607,1506526980,395.0
10012,103,134.93,1552,0,132,8343,2002.4,667.4666666666667,768.0867405813299,1598084946,77.0
7838,66,92.4,589,1,63,4634,1959.5,979.75,1426.58543798569,1351315955,225.0
8591,102,122.4,1534,1,68,8352,4295.5,2147.75,4234.350649202883,1424225906,225.0
49168,124,156.24,1495,1,198,2199,16389.333333333332,8194.666666666666,10959.407876985295,1398353781,325.0
25522,104,135.2,1962,0,45,1241,5104.4,1701.4666666666665,2651.0642916011125,1384596013,142.5
16293,76,102.6,1291,1,77,6485,3258.6,814.65,1072.3682877863162,1569258533,77.0
34429,105,126.0,1284,1,139,2073,11476.333333333334,3825.444444444445,5269.646320665858,1414160857,170.0
42133,136,168.64,1344,0,84,3826,14044.333333333334,4681.444444444444,7785.2309452567915,1417148411,170.0
36013,62,82.46,144,1,186,8338,7202.6,2400.866666666667,4227.335362237855,1590633136,75.0
12325,84,105.0,255,1,150,1880,4108.333333333333,1369.4444444444443,1549.4376450537752,1545045634,70.0
36329,63,80.01,352,0,53,1253,9082.25,2270.5625,3287.032838344335,1360268830,170.0
4449,78,101.4,1482,0,108,1393,2224.5,741.5,1302.7597620053432,1615129528,77.0
48822,56,75.6,1351,1,107,6708,12205.5,4068.5,6004.093197065438,1392138539,265.0
2844,126,173.88,1783,0,71,1087,948.0,316.0,536.7798636558289,1365799746,188.75
24194,98,122.5,1302,0,152,1910,12097.0,6048.5,9583.038200124825,1325540910,170.0
23261,139,166.8,981,1,26,5703,5815.25,2907.625,5604.694804140988,1586347985,85.0
7937,117,154.44,1670,1,65,7517,1587.4,793.7,817.3043484485935,1548857102,85.0
44342,76,106.4,536,1,148,8513,14780.666666666666,3695.1666666666665,7312.884906935745,1557480162,400.0
5353,112,142.24,502,1,107,6281,1784.3333333333333,594.7777777777777,827.1430871786622,1590907215,75.0
36726,118,147.5,369,1,198,7048,9181.5,3060.5,3941.0482708865,1368658696,265.0
2891,132,171.6,1465,0,85,941,963.6666666666666,481.8333333333333,572.4560175424183,1351498163,188.75
34311,55,67.1,986,1,121,8037,17155.5,8577.75,11715.035986261493,1508104254,265.0
30277,131,166.37,1199,1,124,5929,10092.333333333334,2523.0833333333335,3444.108047550103,1487206216,288.3333333333333
39107,77,99.33,1602,0,42,1386,19553.5,4888.375,8223.78412302382,1363865339,170.0
15237,124,164.92,1590,0,173,5160,3047.4,1015.8000000000001,1982.1418856003029,1405974143,188.75
29156,70,92.4,813,0,174,7422,7289.0,2429.6666666666665,3923.042022347818,1612336481,100.0
23932,67,89.78,335,0,64,253,7977.333333333333,3988.6666666666665,4647.454477610635,1389890589,85.0
20516,117,142.74,1596,1,117,2967,4103.2,1367.7333333333333,2599.4209564637667,1570025470,75.0
8967,131,183.4,291,1,28,2548,4483.5,1120.875,1403.511598565555,1389915889,225.0
1196,93,121.83,121,0,50,6362,239.2,79.73333333333333,105.09445266464114,1418104098,27.5
10920,124,156.24,510,1,87,7472,2730.0,910.0,1107.7567451125833,1361170429,225.0
40416,90,125.1,862,1,126,9478,20208.0,5052.0,5229.267468839961,1610970903,360.0
10048,116,162.4,1824,0,173,6583,3349.3333333333335,1674.6666666666667,2680.630302278368,1330884639,188.75
2305,106,129.32,1479,1,113,2788,1152.5,288.125,390.7725442414675,1486977900,225.0
26344,74,94.72,1159,0,105,2860,13172.0,6586.0,10009.964351406234,1529591545,170.0
24985,130,156.0,427,1,56,9772,4997.0,1249.25,1360.7552658318648,1604884192,85.0
48121,117,141.57,1541,1,195,3686,9624.2,3208.066666666667,5435.1671799725555,1347506602,325.0
27819,118,148.68,152,1,70,8220,13909.5,6954.75,12985.29561404482,1334047420,250.0
9718,64,77.44,1829,1,152,4799,3239.3333333333335,1619.6666666666667,2329.883663852418,1495470171,201.6
45919,106,146.28,931,1,168,9950,22959.5,7653.166666666667,10319.155368827254,1366928740,250.0
4500,119,145.18,1587,0,138,1350,2250.0,1125.0,1618.8645807350308,1427440138,188.75
12632,116,140.36,1382,1,38,5141,6316.0,2105.3333333333335,2685.5768381907355,1584407865,75.0
18586,113,154.81,1153,1,176,5663,6195.333333333333,1548.8333333333333,1845.109998521874,1310990670,201.6
6851,84,105.84,1831,0,144,3243,2283.6666666666665,570.9166666666666,846.227343097669,1611110603,77.0
39086,91,110.11,1426,1,91,1154,9771.5,3257.1666666666665,4015.7363989822466,1595193811,170.0
40347,101,128.27,528,1,198,9201,10086.75,2521.6875,4488.666565623026,1379778553,250.0
28654,66,87.12,684,1,171,1465,5730.8,1432.7,1606.0113617327288,1514681422,85.0
14170,121,150.04,1055,1,196,441,2834.0,944.6666666666666,1806.6089686650162,1466933400,188.75
22240,71,90.17,1085,1,125,6396,7413.333333333333,3706.6666666666665,7301.812591640767,1462005769,85.0
38074,93,113.46,471,1,170,2624,19037.0,4759.25,7022.477802703204,1509999412,288.3333333333333
18853,80,102.4,1331,1,34,9125,4713.25,1178.3125,1345.1659762248662,1453576696,225.0
26488,127,175.26,491,1,193,9999,6622.0,2207.3333333333335,3442.3354139499397,1486706481,225.0
25759,98,126.42,1795,1,194,4100,8586.333333333334,2146.5833333333335,3870.8961240474287,1505552092,265.0
15334,70,97.3,529,0,61,8393,3833.5,1277.8333333333333,2349.4264408273616,1615110693,100.0
2902,107,130.54,825,0,131,6130,1451.0,362.75,396.5268301453007,1586071423,77.0
23255,90,123.3,653,1,94,1517,11627.5,5813.75,9348.267105606266,1502702921,170.0
19764,130,162.5,1471,1,84,6126,3952.8,988.2,1228.7106817589258,1476167523,225.0
39735,77,103.18,937,1,31,3108,7947.0,2649.0,5165.968369132875,1450213668,85.0
29933,130,157.3,1908,1,77,4036,9977.666666666666,2494.4166666666665,4141.831969681626,1352653931,265.0
34260,121,150.04,1242,0,129,1698,6852.0,1713.0,1939.6201626257991,1360701592,142.5
49084,70,86.1,913,1,115,8820,16361.333333333334,8180.666666666667,12250.187019671574,1338979941,400.0
34511,123,152.52,467,1,184,2696,8627.75,2875.9166666666665,4478.407937181944,1557350852,288.3333333333333
2703,95,129.2,406,1,133,9642,540.6,270.3,538.7644293831315,1468418734,225.0
17648,62,81.84,1381,0,39,3908,8824.0,2941.3333333333335,4424.312643125488,1590743696,170.0
46971,97,125.13,1215,0,124,3672,23485.5,7828.5,9163.618313369372,1372348468,170.0
37887,98,117.6,630,1,42,5734,18943.5,4735.875,6618.6457362742785,1472556423,250.0
47598,111,155.4,1674,1,135,7744,23799.0,11899.5,12805.850904245084,1476663773,250.0
5383,118,145.14,1623,0,102,6773,2691.5,897.1666666666666,1444.6295235153957,1342680284,188.75
21646,104,141.44,1761,1,194,9448,4329.2,2164.6,3520.2039283287572,1618304044,75.0
30219,120,153.6,1979,1,76,1927,10073.0,2518.25,4067.0209130055205,1365560043,170.0
13872,78,99.84,611,1,30,4951,3468.0,1156.0,1476.3747468626452,1373211325,225.0
39624,107,143.38,314,1,198,8786,7924.8,3962.4,5429.540178315025,1512454997,85.0
42090,93,122.76,894,0,56,580,21045.0,7015.0,13527.616609776576,1430780343,170.0
30173,137,172.62,1049,1,76,2262,6034.6,2011.5333333333335,3594.127196535537,1519222962,225.0
39062,111,143.19,793,1,159,8537,19531.0,6510.333333333333,6776.602815415276,1531927995,250.0
43953,106,147.34,1689,0,154,3285,21976.5,10988.25,17638.22496771558,1452632649,170.0
39615,90,120.6,916,1,132,1117,19807.5,6602.5,10219.832778803455,1310005058,170.0
9294,97,124.16,1667,1,157,1948,4647.0,2323.5,4006.1969835271943,1528776400,77.0
32622,111,155.4,1406,0,107,1489,16311.0,4077.75,4810.250982626736,1482681841,170.0
17279,98,132.3,457,0,67,2485,4319.75,1439.9166666666667,1798.020001854741,1315833745,188.75
41275,58,77.72,1544,1,120,4924,13758.333333333334,6879.166666666667,13269.074265539952,1448745030,265.0
13361,107,130.54,1103,0,104,1897,2672.2,890.7333333333332,1398.772035452389,1479491457,188.75
6028,70,85.4,1226,0,168,7681,2009.3333333333333,669.7777777777777,725.8551556119359,1579016987,100.0
39814,94,126.9,551,1,60,9622,19907.0,4976.75,7266.215108904592,1567983855,250.0
706,108,130.68,1141,1,80,7684,141.2,70.6,86.24125846965059,1372811978,225.0
377,88,118.8,1160,0,163,1270,188.5,47.125,61.79730246513346,1381698404,77.0
30070,118,160.48,1195,1,181,8806,6014.0,1503.5,2810.2733554695797,1347493299,215.0
2116,106,128.26,1595,0,86,4694,1058.0,529.0,957.8527737328997,1492080674,188.75
9991,70,88.9,1537,0,66,1028,3330.3333333333335,1665.1666666666667,1985.0446494947666,1579129924,100.0
30131,87,112.23,704,0,46,7620,6026.2,1506.55,2578.2015523959285,1551888917,77.0
25059,94,125.02,1664,0,114,8443,6264.75,3132.375,3796.096548030339,1319888735,188.75
20964,51,69.87,1986,1,194,6414,6988.0,2329.3333333333335,3101.7034551989022,1454677955,201.59999999999994
13674,109,139.52,869,1,158,4793,3418.5,1139.5,1717.58350021634,1595183463,75.0
12840,139,168.19,1569,0,135,1635,4280.0,1070.0,2037.7984854734264,1314319808,188.75
7111,79,105.86,920,1,169,8910,1777.75,592.5833333333334,813.1037556111296,1571169905,77.0
5267,79,97.17,1639,0,31,8783,1755.6666666666667,585.2222222222223,978.5875618130058,1478158267,142.5
18844,101,127.26,1085,1,75,3064,4711.0,1570.3333333333333,1816.9027613750566,1394683261,201.6
17511,86,114.38,769,1,62,2217,3502.2,1167.3999999999999,1368.7756892820064,1347475176,225.0
42743,115,161.0,711,1,88,6255,10685.75,3561.9166666666665,5520.579478438674,1575732513,250.0
40706,138,173.88,1203,0,67,1792,10176.5,3392.1666666666665,4493.627890010431,1404610993,170.0
7377,115,143.75,81,1,133,8153,2459.0,819.6666666666666,1274.578888969179,1425803551,27.5
13733,75,93.0,1018,1,108,568,2746.6,686.65,803.4358444028354,1379884599,201.6
26935,116,143.84,1989,1,108,3359,5387.0,1346.75,1847.4807063685819,1534189950,85.0
40319,77,97.02,191,1,105,7257,13439.666666666666,6719.833333333333,11827.367497847064,1477156150,400.0
22506,136,182.24,1680,0,69,3308,11253.0,2813.25,3184.914630807023,1364778624,170.0
48166,88,122.32,464,1,112,511,12041.5,6020.75,8103.722770689917,1310393272,170.0
30044,104,130.0,469,1,67,4957,7511.0,2503.6666666666665,4574.386609795929,1571816121,77.0
6255,77,93.17,1409,0,138,8881,1251.0,417.0,822.6924701099423,1433740298,142.5
43792,58,80.62,324,0,97,1390,8758.4,2189.6,4152.2337696900595,1549414052,170.0
20943,120,162.0,1639,0,36,9595,5235.75,2617.875,3539.8131952989984,1476162983,142.5
4404,132,166.32,1755,1,183,6564,1101.0,550.5,1013.5565134588667,1548598348,85.0
5678,73,92.71,165,1,94,3276,1135.6,283.9,356.9438795402628,1582113755,70.0
44861,122,153.72,1468,1,105,4385,11215.25,2803.8125,4457.928997850936,1568440940,250.0
37477,138,168.36,1353,1,85,1175,7495.4,3747.7,4960.615690899615,1516094261,85.0
17291,60,82.8,650,1,168,6067,3458.2,864.55,1297.4671619645324,1422077734,225.0
9673,121,160.93,760,1,189,441,4836.5,2418.25,2574.3874192891217,1556487428,85.0
9448,58,80.04,1351,1,160,793,1889.6,944.8,1683.874465232885,1448647012,201.6
30653,90,114.3,864,1,164,6875,15326.5,5108.833333333333,6357.679028762545,1485082770,360.0
38360,59,74.93,1316,0,158,404,19180.0,6393.333333333333,6848.946490552632,1499357052,170.0
1335,75,99.0,492,0,179,2778,445.0,148.33333333333334,266.75907095209936,1348906399,77.0
47837,94,123.14,833,1,96,4501,11959.25,5979.625,5993.528967643356,1352209595,250.0
23839,118,153.4,1950,1,139,2499,11919.5,2979.875,3320.0964957720334,1457113650,170.0
38,65,79.3,639,0,122,8815,9.5,3.1666666666666665,3.8441315969959042,1398454462,77.0
48611,110,150.7,1054,1,132,2109,12152.75,6076.375,12102.325829557378,1412865873,170.0
23987,95,132.05,607,1,118,5844,7995.666666666667,3997.8333333333335,6178.300568511694,1499911750,85.0
21294,130,179.4,610,0,26,2770,7098.0,3549.0,4997.304866117314,1496064677,142.5
9324,75,96.75,439,0,199,9066,4662.0,1165.5,2179.9168256416237,1519792449,142.5
39795,134,179.56,1231,1,73,3066,19897.5,4974.375,6213.287750313528,1354064949,170.0
43945,97,119.31,755,1,200,6740,8789.0,4394.5,7237.23270120597,1394508353,265.0
46244,115,148.35,675,1,103,9726,11561.0,2890.25,3717.2285051403906,1462509953,250.0
33376,79,109.81,429,0,137,8783,6675.2,3337.6,5432.080499396762,1492905326,142.5
48742,133,179.55,107,1,192,8448,24371.0,6092.75,10723.942825514237,1518394847,418.3333333333333
27173,67,87.1,351,1,142,9033,13586.5,6793.25,12851.044283080588,1320160607,400.0
31746,135,179.55,1163,0,51,7420,7936.5,2645.5,4825.387240074124,1433675204,85.0
40653,126,151.2,1580,0,98,3631,20326.5,5081.625,7822.172234356022,1455317731,170.0
24674,50,61.0,1618,1,50,1498,6168.5,2056.1666666666665,3560.4854668174567,1490240854,85.0
37945,67,87.1,1745,0,136,2542,12648.333333333334,3162.0833333333335,6090.783805440253,1479876357,170.0
14144,123,168.51,322,0,107,5086,2828.8,1414.4,2701.590030409667,1597629790,85.0
46994,65,79.3,1080,1,84,9948,11748.5,3916.1666666666665,4142.072244028784,1540410580,400.0
8777,52,71.24,663,0,171,5725,2925.6666666666665,975.2222222222222,1395.319120590778,1353076654,188.75
4306,67,87.1,529,1,124,1305,1435.3333333333333,717.6666666666666,1002.6118039901451,1602528333,100.0
4905,72,100.08,733,1,121,3981,981.0,245.25,259.90563724254037,1554075084,77.0
26803,123,157.44,970,0,120,8894,5360.6,1786.8666666666668,1946.9673384323216,1592813793,85.0
27059,50,60.0,654,1,104,3003,5411.8,1352.95,1855.1370693306224,1313056574,215.0
24501,137,171.25,881,1,70,7766,4900.2,1225.05,1777.2663512008596,1600946832,85.0
31927,74,102.12,1967,1,137,383,7981.75,1995.4375,3289.6287792769817,1521796977,85.0
47909,54,68.58,1240,1,124,7944,15969.666666666666,3992.4166666666665,5522.475363835218,1522577980,265.0
28294,126,157.5,1742,0,150,2189,7073.5,2357.8333333333335,4207.108744738154,1508605812,142.5
47390,68,95.2,705,1,51,5333,15796.666666666666,3949.1666666666665,5952.219640139411,1563212993,400.0
38263,61,83.57,1505,1,68,413,12754.333333333334,3188.5833333333335,4078.4372787999187,1470921459,170.0
47093,69,85.56,1650,0,145,2156,9418.6,3139.5333333333333,4350.594778188124,1449645730,170.0
43047,128,158.72,1732,1,45,9799,10761.75,5380.875,8032.7922210034785,1363112311,265.0
13824,73,91.98,1077,1,111,2559,2764.8,691.2,1158.8458025750388,1448796374,225.0
33366,70,95.2,737,1,112,907,11122.0,3707.3333333333335,6615.279503333889,1600396784,288.3333333333333
31847,93,128.34,1646,0,45,7543,6369.4,3184.7,3992.031901556988,1373721669,142.5
8024,119,152.32,1070,1,74,7565,2674.6666666666665,891.5555555555555,1481.508314384364,1524549659,215.0
3579,140,190.4,1769,0,121,6829,894.75,447.375,560.6808831426637,1342358881,188.75
47097,109,140.61,769,1,80,5211,11774.25,2943.5625,3279.0205536127346,1531741467,250.0
31266,57,75.81,404,1,181,3765,10422.0,2605.5,3005.6044580400126,1496025620,288.3333333333333
956,137,173.99,1794,1,116,5912,191.2,95.6,150.68989275939734,1526870248,225.0
1530,130,162.5,909,0,162,9582,765.0,382.5,574.2577574204494,1598411684,85.0
24557,83,102.09,1307,0,45,9569,6139.25,3069.625,3309.7634972747687,1384011178,142.5
8677,134,180.9,997,1,37,3784,2169.25,723.0833333333334,1282.1464258370738,1420471085,225.0
31236,91,120.12,1133,0,53,6573,7809.0,3904.5,4970.262641043831,1501237850,85.0
17579,105,139.65,960,1,161,1998,4394.75,1464.9166666666667,2298.8965394093666,1613711611,75.0
14789,122,150.06,1308,0,129,8522,7394.5,3697.25,6956.0621021189145,1435523438,85.0
19845,92,119.6,856,1,128,5471,4961.25,1653.75,2195.9718380444738,1311380582,201.59999999999994
18456,106,135.68,1412,1,51,3252,4614.0,1538.0,2392.2934018735486,1602809148,77.0
33484,95,119.7,1897,1,153,9886,6696.8,2232.266666666667,3803.718976636047,1481316104,225.0
4801,107,147.66,468,1,119,9424,2400.5,800.1666666666666,963.4944139609428,1442185541,225.0
47646,140,177.8,1778,0,102,402,11911.5,5955.75,8328.583105169711,1483315492,170.0
4783,74,95.46,1050,0,60,3992,2391.5,797.1666666666666,851.5769657839521,1503710749,188.75
660,53,69.43,1200,1,99,2515,330.0,82.5,120.52911221064221,1478015059,225.0
11666,76,104.12,978,1,143,9216,3888.6666666666665,972.1666666666666,1562.0833922399477,1565255396,77.0
28999,100,126.0,1386,1,58,389,14499.5,4833.166666666667,7306.864725138391,1521606689,170.0
36932,138,179.4,1985,1,178,6739,9233.0,4616.5,5505.938693084456,1391433231,395.0
32709,133,175.56,1749,0,119,1172,8177.25,2044.3125,2480.462484004926,1513343416,85.0
28965,117,154.44,553,1,47,7870,14482.5,7241.25,11011.982263103773,1430812967,250.0
9783,111,140.97,1590,1,142,6400,2445.75,1222.875,1525.6920395629672,1408068911,225.0
4053,111,155.4,1169,0,45,9224,1013.25,337.75,560.0894225993228,1533321373,85.0
43402,102,126.48,584,1,65,7015,10850.5,2712.625,3425.6195637860837,1553416375,250.0
366,65,85.15,373,1,148,672,122.0,40.666666666666664,59.71767152311297,1549009812,201.6
38039,76,92.72,205,1,92,2165,7607.8,2535.9333333333334,3316.3998886064137,1421016744,142.5
2547,102,140.76,877,1,154,8829,636.75,318.375,630.363586311777,1360557906,225.0
21066,64,88.96,1076,0,96,7266,4213.2,2106.6,4034.8356213865477,1472270255,188.75
32423,80,109.6,1060,0,123,1763,16211.5,8105.75,13097.080068837722,1464731671,170.0
3378,89,108.58,930,0,132,3423,675.6,225.20000000000002,294.0300279187065,1543666604,77.0
49574,132,159.72,347,1,40,1250,9914.8,4957.4,6584.930401958612,1354990695,170.0
9247,76,105.64,1545,0,151,5141,4623.5,2311.75,3181.563114735247,1480989948,188.75
39231,51,64.26,262,0,92,3269,19615.5,6538.5,8853.828182055679,1567423364,170.0
40891,80,98.4,511,0,96,697,20445.5,10222.75,17317.120232570018,1473038748,170.0
26431,137,179.47,105,0,98,3612,5286.2,1321.55,1461.9420302025628,1478181804,142.5
29726,113,149.16,1137,0,139,601,5945.2,1981.7333333333333,2156.4972195150062,1430367001,142.5
20650,80,100.0,514,0,51,695,10325.0,5162.5,8047.1323643233245,1574978434,170.0
26707,67,83.08,921,0,58,7005,6676.75,1669.1875,1992.4075724393958,1480407235,142.5
700,129,176.73,1503,1,144,8230,233.33333333333334,77.77777777777779,127.92175439870583,1446896763,225.0
18005,105,132.3,1744,1,134,2511,6001.666666666667,2000.5555555555557,2446.116148353477,1565019920,77.0
46325,58,80.62,1444,1,99,2952,11581.25,3860.4166666666665,6882.391262844046,1484433136,170.0
29266,80,111.2,790,1,49,9225,9755.333333333334,3251.777777777778,3579.581561688615,1389771596,400.0
6307,55,68.2,998,1,104,3161,1261.4,420.4666666666667,517.8225561462059,1595269033,201.6
4827,118,152.22,556,0,88,8905,965.4,241.35,360.9501787931994,1590193871,85.0
49994,99,138.6,450,1,164,5778,9998.8,3332.933333333333,4249.715847123499,1406731633,250.0
7202,94,125.96,818,0,73,7731,1800.5,900.25,1250.7629101287484,1592836006,77.0
23752,82,98.4,659,1,160,8714,5938.0,1979.3333333333333,3240.5516988805525,1343136691,215.0
9227,129,172.86,1648,0,42,7584,3075.6666666666665,1537.8333333333333,1729.1412840897713,1467983977,188.75
3333,105,140.7,1646,1,170,1558,1666.5,416.625,586.2968697841984,1543750574,75.0
3183,65,90.35,1575,0,125,8998,795.75,265.25,325.1122805173251,1314080449,188.75
46192,75,102.0,731,1,52,2322,23096.0,5774.0,10402.479893843238,1502516133,288.3333333333333
22287,66,81.84,1048,1,143,4037,7429.0,2476.3333333333335,2695.6785468318994,1312402234,85.0
32495,61,74.42,1863,1,55,1820,8123.75,2707.9166666666665,4466.706741535141,1449168937,85.0
39055,64,77.44,1058,0,98,2954,7811.0,2603.6666666666665,4893.755557504968,1493580701,85.0
30963,92,115.92,675,1,115,1650,10321.0,3440.3333333333335,3878.174396829221,1514657174,170.0
3266,122,151.28,581,0,62,2800,1088.6666666666667,362.8888888888889,474.51229500484556,1322720814,188.75
3103,84,105.84,594,1,107,9174,775.75,193.9375,297.22512006692585,1563113192,77.0
13144,111,139.86,1121,0,126,2577,6572.0,3286.0,5084.101743171393,1521519910,142.5
39953,130,180.7,1768,0,100,3279,9988.25,3329.4166666666665,6231.908918248626,1388956129,170.0
43938,109,137.34,1236,0,157,997,14646.0,4882.0,8800.50135953512,1322416775,170.0
15099,75,93.0,1122,0,71,1792,3019.8,1509.9,1917.8464143623466,1431112868,188.75
13284,91,109.2,406,0,168,9276,2656.8,885.6,1762.4996678428004,1389899632,142.5
10398,117,145.08,1162,0,123,9651,3466.0,866.5,912.3155179087094,1542052795,85.0
49468,54,65.88,1473,1,73,5492,24734.0,6183.5,8478.486029838978,1409490852,265.0
2061,125,158.75,1457,1,190,1306,687.0,171.75,231.76890916176825,1426299382,188.75
30996,101,133.32,1392,0,85,490,7749.0,1937.25,3344.848162564385,1340757195,85.0
21797,137,182.21,1731,0,82,4204,7265.666666666667,2421.888888888889,4453.511917620512,1583146029,85.0
18876,102,127.5,1649,1,156,2367,6292.0,3146.0,5935.142180049248,1597851752,77.0
12444,116,160.08,204,0,195,8794,2488.8,622.2,766.6577277566306,1511851325,142.5
31365,81,113.4,236,1,92,1956,6273.0,1568.25,1714.6092775256998,1594542457,77.0
20189,116,157.76,688,1,155,4356,6729.666666666667,3364.8333333333335,5999.899933891784,1312299159,201.59999999999994
12321,56,73.36,893,1,91,1848,4107.0,1369.0,2093.8112960890167,1342271596,201.59999999999994
45959,125,165.0,993,1,38,3335,9191.8,4595.9,5924.62790955296,1576473036,170.0
18758,57,70.11,1118,1,97,513,4689.5,1172.375,2223.0177490468573,1596112082,215.0
46461,90,125.1,660,1,198,2705,23230.5,7743.5,11730.312365395625,1513525901,288.3333333333333
6134,79,98.75,1689,1,28,3819,1226.8,306.7,571.6983342346695,1522811220,215.0
25309,54,68.04,268,0,92,6120,6327.25,3163.625,6175.216518068586,1556287307,75.0
40518,95,115.9,1611,0,74,825,20259.0,10129.5,18570.93717254783,1535353057,170.0
25619,84,117.6,190,1,181,360,8539.666666666666,2846.555555555555,4907.51769450023,1585515904,170.0
39249,136,183.6,648,1,166,5560,13083.0,6541.5,6725.181599583246,1591069392,395.0
3954,73,99.28,160,0,123,6635,1977.0,494.25,816.8167491557291,1313358095,42.0
7359,52,71.76,1543,0,131,2785,1471.8,367.95,569.3283335679155,1349404266,188.75
34062,99,127.71,167,1,197,8856,17031.0,8515.5,16482.471449148423,1462094408,250.0
22733,107,135.89,1496,0,61,9164,5683.25,1420.8125,1575.8502377189382,1465906511,142.5
7674,75,100.5,489,0,32,7754,2558.0,639.5,724.8376648820565,1427762698,142.5
17034,104,126.88,421,0,154,3465,8517.0,2839.0,5117.207671399202,1476559418,170.0
8230,88,106.48,1446,1,91,4798,2057.5,685.8333333333334,1367.7141855018704,1482799061,225.0
14230,91,123.76,396,1,80,9912,3557.5,889.375,1144.8473278897086,1340621703,225.0
897,97,131.92,1010,1,69,974,448.5,149.5,273.58921436486247,1417574495,201.6
5048,75,103.5,359,1,53,5842,1262.0,420.6666666666667,600.1219515823235,1432123586,225.0
36724,83,112.88,1182,0,40,2243,9181.0,4590.5,7652.590110722206,1346650778,170.0
48428,99,123.75,1586,1,109,9349,12107.0,4035.6666666666665,7656.028564066407,1479072165,250.0
32533,81,108.54,1073,1,44,1712,10844.333333333334,3614.777777777778,3761.270100993099,1328144624,170.0
38635,63,81.27,433,1,47,7088,19317.5,6439.166666666667,10149.734316926677,1461318814,400.0
25737,60,72.6,88,0,41,2568,6434.25,1608.5625,3164.6538985538637,1597062973,75.0
41622,75,105.0,1847,1,167,6648,20811.0,10405.5,17749.53096713771,1588675588,400.0
673,135,167.4,378,0,63,7756,224.33333333333334,56.083333333333336,62.95406766594984,1585482973,85.0
38798,139,194.6,1143,1,46,9784,12932.666666666666,3233.1666666666665,3737.5472689312355,1579173925,395.0
10245,107,139.1,519,1,87,8859,3415.0,1707.5,3049.986141425891,1534925831,75.0
40523,90,121.5,503,0,54,1647,13507.666666666666,6753.833333333333,11002.153986877307,1315273196,170.0
12678,55,75.35,730,0,195,954,4226.0,1408.6666666666667,1514.9138416204191,1427992148,188.75
11017,89,108.58,285,0,84,2973,2754.25,1377.125,2740.144458311569,1592740154,70.0
290,136,171.36,1977,1,200,579,72.5,36.25,50.28509220860345,1337487095,188.75
32856,68,85.0,1305,1,197,3154,10952.0,5476.0,10626.691389194168,1324975984,288.3333333333333
10048,71,88.75,1337,1,80,940,2512.0,837.3333333333334,1378.1585676880932,1513340204,201.6
33160,55,69.3,760,1,124,944,8290.0,2763.3333333333335,3489.4327804565846,1345878970,288.3333333333333
37116,90,114.3,1689,0,98,260,9279.0,4639.5,8122.386766253078,1309560978,170.0
21966,86,105.78,1566,1,95,7070,4393.2,1098.3,1766.6026324529105,1588481487,77.0
15400,96,119.04,1547,0,122,965,5133.333333333333,1711.111111111111,2255.518305535938,1535112233,77.0
2741,92,118.68,861,0,70,1002,1370.5,342.625,656.0177959299358,1500987656,188.75
28954,110,145.2,1030,1,141,6237,7238.5,1809.625,2865.4811151357558,1426624482,215.0
15963,126,161.28,1242,1,149,6497,3192.6,1596.3,2536.754831866196,1573084607,85.0
44516,110,134.2,717,1,45,2890,22258.0,5564.5,5604.749982558962,1590647617,170.0
28398,128,172.8,1324,1,93,1580,7099.5,2366.5,2658.6960912329337,1481257275,85.0
833,67,90.45,705,1,71,3836,277.6666666666667,138.83333333333334,170.08540387460027,1573559233,100.0
31684,135,172.8,1919,1,140,2929,15842.0,3960.5,6688.63102484727,1556740723,170.0
21019,119,155.89,934,0,69,2460,5254.75,2627.375,3220.593373336818,1330499815,188.75
6663,110,141.9,728,0,136,4449,3331.5,1665.75,3112.4942857143674,1333666013,188.75
27367,96,121.92,83,1,119,1719,6841.75,2280.5833333333335,3292.1930598302565,1536693649,70.0
34035,73,100.01,370,0,55,7453,6807.0,3403.5,6657.146212986895,1469952936,142.5
37282,110,148.5,567,1,140,7658,12427.333333333334,6213.666666666667,9327.698912305952,1449153784,250.0
2804,88,106.48,1272,1,75,9971,934.6666666666666,233.66666666666666,413.8057033917499,1534270730,77.0
45966,61,76.25,1374,1,79,614,11491.5,2872.875,5174.537411524552,1600464503,325.0
7942,137,180.84,1392,1,123,7828,1985.5,992.75,1242.1477383055196,1379395758,225.0
20462,59,71.98,643,1,98,8420,4092.4,1023.1,1445.0246727944598,1405515273,225.0
37421,102,123.42,1137,1,111,8812,7484.2,1871.05,2730.921857187291,1507561446,85.0
35859,63,86.94,1199,1,142,7771,8964.75,4482.375,8193.332422157633,1557057640,400.0
35545,138,175.26,82,1,164,9092,7109.0,1777.25,2819.9992508035048,1332047384,142.5
19970,79,95.59,699,0,94,8525,4992.5,1664.1666666666667,2364.877477594224,1421714125,142.5
29727,118,161.66,1722,1,144,5678,14863.5,7431.75,10964.39591123088,1313422095,250.0
9324,100,139.0,482,0,133,454,2331.0,582.75,798.228051256966,1395057210,188.75
17148,106,137.8,1049,1,106,4271,8574.0,2858.0,3196.5748155892393,1500347648,265.0
39816,129,163.83,623,0,100,296,19908.0,4977.0,6447.3515768634215,1429640510,170.0
24005,85,111.35,1115,0,87,4178,8001.666666666667,2000.4166666666667,2733.4632405599614,1490492452,85.0
15352,73,97.82,1819,1,65,3355,7676.0,1919.0,2743.479683819586,1561081721,77.0
2294,75,95.25,989,0,103,2163,764.6666666666666,254.88888888888889,285.8809292672895,1508250774,188.75
12314,89,109.47,1722,1,63,977,6157.0,3078.5,5906.231625865573,1402269976,201.6
9136,60,72.0,1190,1,126,5285,4568.0,1522.6666666666667,2556.6164460068157,1326808023,201.59999999999997
9309,103,144.2,1627,0,116,1364,2327.25,775.75,1470.1452989869103,1373856035,188.75
14588,96,129.6,506,0,132,5262,2917.6,972.5333333333333,1183.9970222170277,1594130566,77.0
21542,69,95.91,321,1,49,3874,5385.5,1346.375,2339.649852922447,1431960387,201.59999999999997
27975,106,130.38,1978,0,144,6864,6993.75,2331.25,3203.9049912370688,1342010995,142.5
16485,70,90.3,714,0,71,6545,5495.0,1831.6666666666667,2063.1421734746486,1346442277,142.5
41526,128,177.92,190,1,37,3602,8305.2,2768.4,3452.2579464500277,1506854301,170.0
6948,79,106.65,360,1,144,6434,2316.0,579.0,1122.0751890163915,1441967345,225.0
7332,51,62.73,1133,0,33,2233,3666.0,1833.0,2244.925028228811,1487777678,188.75
10126,80,112.0,1722,1,61,5238,5063.0,1265.75,1821.446226349037,1511976883,201.59999999999997
9812,53,72.61,1656,1,102,3350,4906.0,1635.3333333333333,2665.990482141167,1528945023,201.6
19389,85,107.1,1341,0,158,9092,4847.25,1615.75,2472.0271989175876,1409822193,142.5
6675,68,88.4,102,1,54,8150,1335.0,445.0,542.3042211515876,1338868130,42.0
2150,97,117.37,962,0,139,4489,430.0,143.33333333333334,207.089043179469,1430352294,77.0
26743,85,103.7,1638,1,59,1435,5348.6,1782.8666666666668,2810.9985679369133,1469830116,85.0
15986,69,88.32,194,1,148,7120,5328.666666666667,1776.2222222222224,1831.8037500409378,1537020358,100.0
48495,134,167.5,576,0,26,3654,9699.0,2424.75,3061.78135117879,1408257430,170.0
12765,70,91.7,260,1,54,7879,4255.0,1418.3333333333333,2451.558288891349,1370292174,225.0
24302,135,162.0,606,1,113,6655,6075.5,2025.1666666666667,4018.5388275572864,1448409581,225.0
18175,126,161.28,1341,1,45,6937,9087.5,3029.1666666666665,4950.567048147016,1521413404,265.0
45308,96,134.4,554,1,75,4557,15102.666666666666,5034.222222222222,9881.59684581481,1598369076,250.0
45674,88,116.16,1171,1,63,4003,22837.0,5709.25,9627.889033872827,1347532416,288.3333333333333
43925,94,131.6,1381,1,55,3554,8785.0,2196.25,2325.3837253520796,1558925411,170.0
6249,57,71.82,1986,1,101,5475,3124.5,781.125,1121.400408593475,1444131423,225.0
33078,121,160.93,1669,1,98,9850,6615.6,2205.2000000000003,2809.010731563729,1413664437,215.0
29142,74,93.98,1164,0,52,9567,7285.5,2428.5,4354.582132339882,1484047970,142.5
27541,81,110.97,1193,1,71,1660,6885.25,2295.0833333333335,2484.5084881246758,1398082855,85.0
7409,52,63.96,477,0,89,921,2469.6666666666665,823.2222222222222,1598.496754621127,1410031081,188.75
29596,82,106.6,777,1,161,8766,5919.2,1973.0666666666666,2164.332163257962,1439317887,215.0
25388,121,162.14,620,0,162,7070,6347.0,3173.5,4423.487804660411,1511448959,142.5
14059,123,166.05,1094,1,149,8221,7029.5,3514.75,4301.535440059161,1424168272,225.0
27372,68,91.8,563,1,134,3441,9124.0,4562.0,6861.816472981062,1525115521,170.0
1345,114,150.48,532,0,109,4376,448.3333333333333,112.08333333333333,187.77534381240207,1436856123,77.0
41814,76,91.96,1396,1,151,1524,10453.5,2613.375,4485.016703464978,1484366558,170.0
43775,139,170.97,256,1,63,7844,14591.666666666666,7295.833333333333,13817.796372349178,1475255930,288.3333333333333
23783,95,118.75,1291,1,153,3798,4756.6,1189.15,1690.2067462391503,1412749609,215.0
4791,116,143.84,1711,0,130,8425,2395.5,1197.75,1434.53495514893,1511666547,142.5
8522,84,115.08,1235,1,101,6191,2130.5,1065.25,1605.4510850946972,1460204272,188.75
6411,62,77.5,1173,1,57,6570,1602.75,534.25,819.6754707287089,1338980328,225.0
17450,59,78.47,1420,0,120,713,8725.0,2908.3333333333335,5141.006810915806,1440210220,170.0
46640,113,146.9,1658,1,126,7666,15546.666666666666,3886.6666666666665,4030.4027409013397,1557006282,250.0
31955,68,93.16,1886,1,197,5181,15977.5,7988.75,13677.65285679738,1595294708,400.0
12462,121,156.09,1425,1,107,6576,6231.0,1557.75,2919.9814303746357,1536390074,85.0
19652,108,150.12,418,1,57,4271,9826.0,3275.3333333333335,5337.414927510358,1419667759,250.0
16965,98,134.26,1433,0,131,8437,4241.25,2120.625,3600.834615811472,1506039600,142.5
27515,116,160.08,1614,0,79,4004,5503.0,2751.5,2784.895392783894,1613508131,85.0
6629,136,172.72,336,0,189,2415,1325.8,662.9,939.0260187476983,1541059847,85.0
31300,140,189.0,260,1,27,9435,7825.0,3912.5,5508.688112474416,1370383624,85.0
6494,113,153.68,1175,0,57,5327,1623.5,541.1666666666666,937.6757212476704,1549067577,85.0
45777,97,126.1,105,1,115,7217,11444.25,3814.75,5025.434313809819,1517504311,250.0
6819,99,119.79,1120,0,186,3728,1704.75,568.25,732.8995207399469,1320779918,188.75
27308,139,170.97,1023,1,25,719,13654.0,4551.333333333333,8865.274215474876,1501726393,170.0
28619,85,113.05,223,0,199,3512,7154.75,2384.9166666666665,3599.4503555937863,1442238914,142.5
35965,128,174.08,1746,1,107,4677,17982.5,4495.625,4598.541126768063,1399380112,395.0
1973,93,124.62,231,0,149,5449,394.6,98.65,136.7491564205313,1333240086,42.0
32488,55,72.05,312,1,90,6033,8122.0,4061.0,7845.461912606748,1465416445,85.0
24334,58,73.66,1712,1,25,4556,8111.333333333333,2703.777777777778,4483.052486316561,1372578671,85.0
7649,71,93.72,876,0,125,1503,3824.5,956.125,1143.2140726891778,1494318381,188.75
35534,117,149.76,1525,0,196,3492,7106.8,1776.7,2158.777712561541,1380788056,142.5
8123,120,163.2,1032,1,189,2318,1624.6,541.5333333333333,901.2574870279736,1558407911,85.0
37174,96,119.04,1670,1,178,1070,9293.5,2323.375,3847.392730133672,1408661660,288.33333333333337
22550,109,141.7,53,0,47,2910,7516.666666666667,2505.5555555555557,4005.6771110211953,1437009692,142.5
25234,60,78.6,399,1,131,7288,12617.0,6308.5,11354.435982111238,1531498716,400.0
31306,99,130.68,1687,1,152,498,6261.2,2087.0666666666666,2725.2849539325443,1606932189,77.0
5151,128,168.96,1048,0,197,3023,1287.75,321.9375,412.8794566601762,1396100739,188.75
4389,135,174.15,1820,1,94,2652,1463.0,365.75,516.4293124426696,1376225984,225.0
20774,116,158.92,916,0,92,9089,6924.666666666667,1731.1666666666667,1790.5432093186455,1317044224,188.75
9016,134,163.48,479,1,91,9730,3005.3333333333335,1001.7777777777778,1846.0174617914302,1322797568,225.0
42832,61,76.25,1627,0,39,724,8566.4,4283.2,7159.182823690032,1402867903,170.0
34519,53,73.67,444,0,49,672,17259.5,8629.75,14184.239921074384,1317116426,170.0
32534,66,79.2,150,0,156,2078,8133.5,4066.75,5190.520664049557,1397028695,142.5
22725,99,126.72,1085,1,153,2863,5681.25,1893.75,3012.2718423571787,1349352994,201.60000000000002
31803,65,84.5,740,1,87,1670,6360.6,2120.2000000000003,4090.2003638496353,1614407965,201.6
8635,109,138.43,1736,0,198,2098,1727.0,575.6666666666666,607.1625352881844,1321247456,188.75
2810,126,154.98,1161,0,32,5811,562.0,281.0,368.07498729461855,1444349730,188.75
9324,81,110.97,649,1,117,6752,4662.0,2331.0,4135.787537342408,1405776584,201.60000000000002
21537,93,130.2,899,1,94,3978,7179.0,3589.5,4712.317946842699,1571458998,77.0
18590,106,135.68,870,1,112,3176,3718.0,1859.0,2136.9664761438844,1585944177,77.0
30047,70,89.6,603,0,136,2349,15023.5,5007.833333333333,5980.337106751208,1498449428,170.0
28096,134,166.16,1277,1,188,3978,9365.333333333334,4682.666666666667,8358.616146922066,1572923693,325.0
29805,135,168.75,1531,0,163,8796,5961.0,1490.25,2728.845588210995,1515229726,142.5
27689,140,191.8,1314,1,37,9408,13844.5,4614.833333333333,8892.083738358791,1329224614,395.0
362,78,99.06,802,1,92,1629,72.4,24.133333333333336,41.21170117351546,1351831464,85.0
43960,94,118.44,1189,1,186,2561,14653.333333333334,3663.3333333333335,7057.666891733132,1326149105,288.3333333333333
3270,108,135.0,824,0,58,3213,817.5,204.375,306.55336795455077,1519005713,77.0
45829,114,157.32,1248,0,151,3724,15276.333333333334,7638.166666666667,8116.256886392582,1545245413,170.0
27301,62,75.02,480,1,41,7071,9100.333333333334,2275.0833333333335,4539.761042878161,1320431700,265.0
40636,58,71.92,1947,1,67,5170,10159.0,3386.3333333333335,5217.876934337563,1333188988,265.0
9075,81,105.3,1762,0,30,8133,3025.0,1008.3333333333334,1392.120371348925,1322080988,188.75
29247,88,105.6,634,1,181,7229,14623.5,4874.5,8976.706134659951,1520725816,360.0
13905,96,115.2,758,1,174,3744,2781.0,927.0,1541.151971117917,1350422711,225.0
16773,54,70.74,1466,0,64,3583,5591.0,1863.6666666666667,3341.277054969074,1502537289,142.5
35932,99,135.63,1744,1,71,6880,7186.4,1796.6,2593.7241005472542,1528958200,77.0
44993,74,99.16,1730,1,39,950,11248.25,2812.0625,4199.295077747717,1407766959,170.0
38430,57,71.25,1249,1,169,3396,19215.0,6405.0,8051.434537017313,1478719792,288.3333333333333
11379,99,138.6,1704,0,149,3250,5689.5,2844.75,5617.471168294307,1461794659,142.5
28588,79,97.17,492,1,71,6003,5717.6,1429.4,1885.0745276588032,1529058004,77.0
36595,97,130.95,227,1,149,5508,7319.0,2439.6666666666665,3830.937422387431,1423630061,142.5
11339,108,142.56,125,1,161,7064,2834.75,708.6875,734.894551493112,1558128289,70.0
6966,81,110.97,431,0,51,3682,3483.0,870.75,1724.029038896036,1329411942,188.75
5029,64,82.56,1275,0,105,5250,2514.5,838.1666666666666,1281.6532537774776,1511335115,188.75
29547,116,156.6,1270,1,65,1101,9849.0,4924.5,9780.47672715378,1378433837,170.0
28490,97,121.25,1034,1,38,2939,7122.5,1780.625,3428.4306047471086,1351337133,215.0
29772,92,111.32,1151,1,51,1016,7443.0,3721.5,6793.826160629162,1364767312,85.0
28466,68,87.04,316,0,186,8697,5693.2,2846.6,4280.987156540653,1403785816,142.5
38574,138,166.98,455,1,158,8931,9643.5,3214.5,6051.868496365361,1530605960,288.3333333333333
24091,99,126.72,421,1,75,5730,8030.333333333333,2007.5833333333333,3553.906378727125,1478889777,85.0
4787,53,63.6,344,0,43,3895,1595.6666666666667,398.9166666666667,580.5911715213933,1338737814,188.75
39761,92,121.44,1969,0,197,7055,7952.2,1988.05,3423.132819681456,1570145242,77.0
35042,87,111.36,1291,1,160,5823,17521.0,4380.25,5294.99044571073,1391907924,360.0
26040,77,101.64,855,1,109,9057,5208.0,2604.0,3587.132755773879,1471053078,225.0
20236,58,76.56,1739,0,107,361,10118.0,3372.6666666666665,3779.9480327032634,1360845334,170.0
37745,137,179.47,292,1,95,6773,7549.0,3774.5,6229.811903854736,1607136743,85.0
42951,94,117.5,1998,1,129,3361,10737.75,2684.4375,5180.34474349675,1590719326,170.0
36005,115,142.6,767,1,52,5709,7201.0,3600.5,4931.292729361525,1456358397,225.0
63351,127,165.1,713,0,64,1321,15837.75,5279.25,9103.707795505756,1393824577,872
193610,125,162.5,1513,0,73,7701,96805.0,32268.333333333332,33801.91630568756,1367103433,973
114545,126,175.14,658,0,26,9273,57272.5,28636.25,49391.03576655764,1310192877,685
460329,79,103.49,380,1,35,8635,230164.5,57541.125,95789.86503900155,1375012834,1149
381815,94,122.2,130,1,128,2640,95453.75,31817.916666666668,59399.216458861476,1575717531,950
440836,51,64.77,295,0,32,1371,88167.2,22041.8,36431.79581574832,1331601501,899
221689,110,150.7,863,1,147,8206,55422.25,13855.5625,21591.961891612325,1524872538,1116
258457,136,190.4,1482,1,75,3775,129228.5,64614.25,87945.5790081562,1379471192,748
74066,60,75.6,1582,0,58,6757,37033.0,18516.5,26104.685614903912,1389418694,1011
183926,123,167.28,1116,0,59,1994,91963.0,45981.5,64989.69650482501,1474954316,613
308698,52,67.6,516,0,195,3954,102899.33333333333,51449.666666666664,96577.34189780417,1381478739,1090
303502,130,161.2,755,0,85,7081,75875.5,25291.833333333332,40023.618711069874,1384472760,655
286105,95,129.2,575,1,117,2215,71526.25,23842.083333333332,34765.55783175237,1382434918,613
473390,94,130.66,1088,1,122,1045,94678.0,31559.333333333332,33608.892205528406,1453518674,713
22189,138,180.78,595,1,43,9271,5547.25,1849.0833333333333,2815.910491633262,1422085539,1187
257086,132,171.6,316,0,187,6309,128543.0,64271.5,123592.52657206243,1321083467,1126
182616,138,169.74,1222,0,110,2336,36523.2,9130.8,12228.739019044364,1441770624,1020
296304,105,126.0,1593,0,164,795,98768.0,49384.0,64289.62707541261,1537197221,841
268841,103,140.08,115,0,189,9563,89613.66666666667,22403.416666666668,33716.089456166665,1607148358,623
403892,57,75.81,211,1,139,4516,201946.0,50486.5,99321.34650867051,1345409979,932
485868,126,163.8,1467,0,138,7844,242934.0,80978.0,84086.17378673251,1358981605,744
318412,104,137.28,919,1,37,7109,106137.33333333333,53068.666666666664,83754.03668634457,1483065327,957
78144,66,88.44,264,1,66,7034,39072.0,13024.0,25683.55187741684,1503763066,1059
10624,59,81.42,1958,1,81,2633,2656.0,1328.0,1729.8564907230348,1378050889,654
393498,90,124.2,789,1,138,9496,196749.0,49187.25,74904.93119811955,1386760311,954
279788,78,93.6,1762,0,154,578,55957.6,13989.4,17276.854643795243,1419515017,1127
202428,126,168.84,1875,0,44,9625,40485.6,20242.8,32110.02412706717,1363308350,1036
55181,96,125.76,111,0,119,1180,11036.2,2759.05,5389.8640902978,1552091676,751
484815,64,78.72,737,0,101,5146,121203.75,60601.875,78688.53262804066,1536903029,800
143501,65,83.2,1063,1,47,4188,35875.25,11958.416666666666,20542.311344854832,1356129849,1074
314658,58,80.04,809,1,89,5560,78664.5,39332.25,60975.3490339738,1418415523,1181
477296,113,158.2,1392,1,182,8603,119324.0,39774.666666666664,52827.30805470478,1445543156,1056
143234,103,141.11,1018,0,166,4556,71617.0,17904.25,25631.759150239985,1462889362,677
305193,140,170.8,180,1,134,5190,101731.0,25432.75,46134.63166315017,1442147316,969
35746,86,106.64,773,1,74,4361,11915.333333333334,5957.666666666667,11656.579895204262,1423608454,834
211356,76,96.52,1086,1,193,1278,105678.0,52839.0,64147.23967805905,1470008018,666
468898,133,164.92,677,0,47,4502,117224.5,29306.125,50458.77965506459,1392296042,956
141594,71,99.4,1230,0,71,9724,70797.0,35398.5,70697.0096057254,1445995527,701
273815,74,96.94,989,1,192,6962,91271.66666666667,22817.916666666668,38720.037007279054,1396643160,665
225513,109,138.43,432,0,173,391,56378.25,28189.125,38615.11218022015,1514408777,1127
437566,85,119.0,824,0,41,604,145855.33333333334,48618.444444444445,58970.344003229104,1572504204,1062
166523,85,115.6,1141,1,191,7700,83261.5,27753.833333333332,45080.99309732985,1557331516,609
463173,130,178.1,1604,1,181,3241,92634.6,23158.65,33610.887988238166,1484018314,1163
174257,84,110.04,1073,0,139,5700,43564.25,21782.125,26369.624853363308,1596244580,1002
155190,87,110.49,1237,1,88,2094,31038.0,15519.0,30901.12265178484,1596748439,919
37238,95,117.8,830,0,79,9009,9309.5,2327.375,3492.453273095605,1541846593,1158
190274,91,122.85,363,0,178,6096,38054.8,12684.933333333334,18647.00434903864,1365737536,668
313588,64,84.48,1413,0,142,6035,78397.0,39198.5,68846.9431068431,1315973772,991
250335,50,65.0,172,0,116,8033,62583.75,31291.875,34546.50106674968,1397343726,611
279951,87,121.8,376,0,175,9579,55990.2,18663.399999999998,26108.27026449949,1458557696,958
429237,104,126.88,1466,1,109,8685,143079.0,47693.0,80791.09921762167,1440848672,954.0
308461,132,166.32,1523,1,114,3558,77115.25,19278.8125,27468.476976358026,1336265244,991.0
366355,132,158.4,401,1,153,9483,183177.5,61059.166666666664,99234.26395303664,1515470387,957.0
124381,111,149.85,1695,1,56,8527,24876.2,8292.066666666668,16544.255658076258,1563850738,872.0
92643,131,166.37,1840,1,142,8739,46321.5,23160.75,24280.219636405353,1450094585,1059.0
56734,130,161.2,547,1,156,6026,18911.333333333332,4727.833333333333,9061.077819894072,1351612142,919.0
222146,56,67.76,1787,1,59,3405,44429.2,11107.3,19191.56180904979,1535820803,1074.0
129278,111,137.64,120,1,86,3099,32319.5,16159.75,30442.882720413258,1596288440,872.0
339913,64,82.56,516,1,157,1381,169956.5,42489.125,67093.84863198399,1553477494,1149.0
104868,92,123.28,1142,1,153,3840,52434.0,13108.5,24773.957677409184,1430899969,1074.0
302314,116,142.68,390,1,84,6484,100771.33333333333,50385.666666666664,81544.57724242746,1325887240,1126.0
171669,131,167.68,1408,1,141,1755,42917.25,21458.625,42451.029935783896,1537943217,1116.0
246235,128,172.8,241,1,29,8378,82078.33333333333,20519.583333333332,40204.56764040701,1349663592,613.0
23765,63,85.68,773,1,142,7837,4753.0,1188.25,1494.944505871177,1373254941,225.0
50783,72,96.48,557,0,129,1203,12695.75,6347.875,8735.124236278247,1458229213,170.0
402443,69,95.22,1846,1,41,5132,134147.66666666666,44715.88888888888,82498.42372056757,1461144795,1149.0
204004,140,182.0,167,1,90,7164,40800.8,13600.266666666668,18364.48068823678,1391565202,1059.0
253767,50,62.0,1430,1,176,5801,63441.75,31720.875,52501.106327982074,1543015728,609.0
440417,135,183.6,607,1,87,7320,146805.66666666666,73402.83333333333,101040.84738467683,1588504254,956.0
109769,91,126.49,131,1,131,1019,21953.8,7317.933333333333,9268.26958002335,1506670858,872.0
496907,96,132.48,146,1,26,543,165635.66666666666,82817.83333333333,148175.29277495394,1483215504,713.0
233155,114,140.22,1781,1,167,952,77718.33333333333,19429.583333333332,35368.24931878627,1528556414,623.0
243636,98,131.32,1297,1,123,645,60909.0,30454.5,58687.45835203985,1570400760,613.0
326762,80,101.6,1001,1,185,4982,65352.4,21784.133333333335,33694.777577452376,1497620542,1181.0
83360,52,68.12,1571,1,175,6399,27786.666666666668,6946.666666666667,10576.831980362973,1342830671,919.0
417337,108,137.16,890,1,121,5002,208668.5,104334.25,162197.59431392478,1569695180,957.0
297512,113,144.64,1160,1,183,7733,59502.4,19834.133333333335,35091.502532692226,1517701049,613.0
16957,88,115.28,252,1,39,1016,3391.4,1130.4666666666667,2036.15546907327,1317538217,201.6
451245,73,101.47,279,1,96,5748,150415.0,37603.75,62226.312388363185,1392888656,950.0
41060,128,157.44,1058,1,103,9147,13686.666666666666,3421.6666666666665,4938.535772795723,1368034872,265.0
141842,93,122.76,1296,1,44,7246,70921.0,35460.5,64944.78872558274,1345991974,701.0
6940,101,128.27,1494,0,105,1787,1735.0,433.75,833.7651394394018,1536005786,77.0
257828,79,99.54,1405,1,68,1285,128914.0,32228.5,49309.21284019896,1317173694,666.0
10167,71,98.69,179,1,112,8162,2541.75,635.4375,1027.7784666880482,1453223802,27.5
217507,129,172.86,887,1,61,4971,108753.5,54376.75,103168.40280326018,1473936687,748.0
499571,92,124.2,1157,1,43,3389,249785.5,62446.375,75276.0021738254,1339624881,744.0
257303,88,109.12,1353,1,61,3404,85767.66666666667,42883.833333333336,70619.00638900316,1451613191,613.0
236729,72,92.16,574,1,166,4268,78909.66666666667,19727.416666666668,20195.87048026998,1438138952,609.0
393912,94,116.56,628,1,121,1202,196956.0,49239.0,67536.63898881912,1492614874,1062.0
73966,125,166.25,207,1,41,2476,24655.333333333332,12327.666666666666,24221.896502997395,1566121126,872.0
368292,89,114.81,946,1,190,3978,92073.0,30691.0,59148.67832400706,1601079330,1181.0
279121,137,186.32,999,1,139,871,69780.25,34890.125,69243.25109297957,1328269723,613.0
206636,134,168.84,999,1,43,7232,68878.66666666667,22959.55555555556,29057.141213061343,1429637332,655.0
68359,134,172.86,661,1,99,8982,22786.333333333332,7595.444444444444,8159.10226350865,1614703308,872.0
455524,57,74.67,1136,1,149,2022,113881.0,28470.25,47210.35616953216,1362148923,1062.0
43162,72,92.88,1934,1,35,7002,8632.4,4316.2,4956.315351204157,1470531460,400.0
445182,57,78.66,1323,1,30,4551,222591.0,55647.75,66868.40384262064,1567807497,1062.0
45312,123,168.51,1051,1,53,9226,22656.0,7552.0,11567.626142002455,1398479110,250.0
317964,79,101.91,1915,1,133,3822,158982.0,52994.0,64470.74440455077,1369896227,1062.0
116887,50,60.5,1822,1,168,9909,23377.4,7792.466666666667,8760.81941224405,1523021916,872.0
388444,88,122.32,871,1,176,2868,77688.8,38844.4,53608.13874682386,1493696117,1163.0
172037,89,113.03,1072,1,77,4723,43009.25,14336.416666666666,18543.099818965165,1458646911,1116.0
